Date,fund01,fund06,fund05,fund04,fund03,fund07,fund02,fund09,fund08,fund29,fund28
2013-01-02,1.7329,1.2872,1.2231,NA,1.0005,0.6254,1.0905,0.6519,0.7971,1.2383,1.1611
2013-01-03,1.7464,1.2891,1.2244,NA,1.0007,0.6253,1.0911,0.6455,0.7931,1.2482,1.1619
2013-01-04,1.74,1.2916,1.2259,1.1203,1.0004,0.6301,1.0912,0.6417,0.8022,1.2465,1.1628
2013-01-07,1.7377,1.2886,1.2239,1.1211,1.0006,0.6276,1.0906,0.6398,0.798,1.2455,1.1615
2013-01-08,1.728,1.2832,1.2201,1.1222,1.0007,0.626,1.0894,0.6359,0.7951,1.2391,1.1591
2013-01-09,1.7345,1.2873,1.2234,1.1231,1.0009,0.629,1.0909,0.6452,0.7962,1.2427,1.1615
2013-01-10,1.74,1.2906,1.2255,1.1216,1.0008,0.6323,1.0915,0.6508,0.7983,1.2475,1.1628
2013-01-11,1.7352,1.2909,1.2257,1.1215,1.0007,0.6336,1.0916,0.6529,0.8019,1.2444,1.163
2013-01-14,1.7388,1.2922,1.2268,NA,1.0009,0.6331,1.0922,0.6582,0.8003,1.2497,1.1638
2013-01-15,1.7376,1.2932,1.2278,1.1234,1.0011,0.6343,1.0929,0.6589,0.8022,1.2478,1.1647
2013-01-16,1.7457,1.295,1.2295,1.125,1.0015,0.6331,1.0941,0.6637,0.7995,1.2548,1.166
2013-01-17,1.7522,1.3002,1.2335,1.1252,1.0018,0.6369,1.0956,0.66,0.8057,1.2603,1.1688
2013-01-18,1.7575,1.3047,1.2365,1.1242,1.0016,0.6396,1.0965,0.6611,0.8095,1.2611,1.1706
2013-01-21,1.7598,NA,NA,NA,1.0019,NA,NA,0.6586,NA,1.2627,NA
2013-01-22,1.7602,1.3049,1.2369,1.1252,1.0019,0.6409,1.097,0.6584,0.808,1.2652,1.1711
2013-01-23,1.7636,1.3058,1.2379,1.1268,1.0021,0.641,1.0977,0.6559,0.808,1.2663,1.1719
2013-01-24,1.7718,1.3129,1.2433,1.1268,1.0024,0.6435,1.0999,0.6585,0.8159,1.2742,1.1756
2013-01-25,1.781,1.3211,1.2489,1.1246,1.0024,0.6478,1.1017,0.6669,0.8243,1.2832,1.1793
2013-01-29,1.8002,1.3278,1.2531,1.1211,1.002,0.6498,1.1027,0.6677,0.8258,1.3021,1.1816
2013-01-30,1.8031,1.3291,1.2538,1.1201,1.0021,0.6485,1.1028,0.6691,0.8272,1.2987,1.1821
2013-01-31,1.7963,1.3261,1.252,1.122,1.0024,0.6466,1.1025,0.6719,0.8247,1.2923,1.1811
2013-02-01,1.8115,1.3369,1.2597,1.1205,1.0024,0.652,1.1052,0.6781,0.8339,1.304,1.1861
2013-02-04,1.8064,1.3286,1.2533,1.1197,1.0024,0.6451,1.1027,0.6767,0.8218,1.2992,1.1817
2013-02-05,1.797,1.3286,1.2535,1.1205,1.0026,0.6489,1.1029,0.6746,0.8284,1.2965,1.1821
2013-02-06,1.8112,1.3376,1.2603,1.1213,1.0027,0.6505,1.1057,0.6785,0.8354,1.3051,1.1867
2013-02-07,1.8165,1.3374,1.2605,1.1225,1.003,0.6484,1.1061,0.678,0.832,1.3114,1.187
2013-02-08,1.8305,1.3449,1.266,1.1226,1.003,0.6517,1.1083,0.6825,0.8359,1.319,1.1907
2013-02-11,1.8261,1.3441,1.2656,NA,1.0034,0.6511,1.1084,0.6797,0.8373,1.3174,1.1906
2013-02-12,1.8261,1.3457,1.2667,1.1232,1.0034,0.6538,1.1088,0.6798,0.8395,1.3221,1.1914
2013-02-13,1.8422,1.3498,1.2694,1.1218,1.0032,0.6548,1.1096,0.6808,0.8366,1.3361,1.193
2013-02-14,1.8543,1.3519,1.2708,1.1215,1.003,0.654,1.11,0.6767,0.8339,1.3427,1.1937
2013-02-15,1.8534,1.3524,1.2714,1.1225,1.0033,0.6526,1.1104,0.6735,0.8354,1.3486,1.1943
2013-02-18,1.8707,NA,NA,NA,1.0034,NA,NA,0.67,NA,1.3666,NA
2013-02-19,1.8788,1.3635,1.2795,1.1219,1.0034,0.659,1.1135,0.6783,0.8392,1.3693,1.1997
2013-02-20,1.8848,1.3655,1.2808,1.1218,1.0035,0.655,1.1141,0.6877,0.8381,1.372,1.2006
2013-02-21,1.8412,1.3463,1.2672,1.1238,1.0036,0.6484,1.1093,0.6827,0.831,1.3452,1.1917
2013-02-22,1.8555,1.3524,1.2719,1.1242,1.0036,0.6538,1.1112,0.683,0.8326,1.3607,1.1949
2013-02-25,1.8708,1.3546,1.2739,1.1263,1.0038,0.6492,1.1124,0.688,0.8278,1.3764,1.1964
2013-02-26,1.8522,1.3497,1.2708,1.1281,1.0043,0.6471,1.1117,0.6835,0.8309,1.363,1.1947
2013-02-27,1.8644,1.3597,1.2783,1.1294,1.0045,0.6532,1.1149,0.6901,0.8395,1.3686,1.1999
2013-02-28,1.89,1.3694,1.2855,1.1299,1.0044,0.6562,1.1176,0.6951,0.8402,1.3817,1.2047
2013-03-01,1.8835,1.3669,1.284,1.131,1.0044,0.6571,1.1171,0.684,0.8406,1.3793,1.2037
2013-03-04,1.8601,1.3628,1.2813,1.1321,1.0047,0.6585,1.1166,0.6863,0.847,1.3638,1.2022
2013-03-05,1.8845,1.3736,1.2888,1.1303,1.0044,0.6652,1.119,0.6931,0.85,1.3836,1.207
2013-03-06,1.9007,1.3787,1.2922,1.1288,1.0042,0.6668,1.1198,0.6966,0.8487,1.3955,1.2091
2013-03-07,1.8981,1.3781,1.2913,1.1273,1.0043,0.6681,1.1193,0.6956,0.8496,1.3935,1.2084
2013-03-08,1.9038,1.3831,1.2946,1.1257,1.0041,0.6727,1.12,0.6911,0.8559,1.3954,1.2103
2013-03-11,1.9124,1.3864,1.2969,1.1252,1.0041,0.6751,1.1208,0.6947,0.8562,1.4048,1.2118
2013-03-12,1.9015,1.3795,1.2921,1.1256,1.004,0.674,1.1191,0.6949,0.8508,1.397,1.2086
2013-03-13,1.892,1.3765,1.29,1.1261,1.0041,0.6735,1.1185,0.6928,0.8512,1.3861,1.2073
2013-03-14,1.8696,1.3685,1.2837,1.1236,1.0037,0.6778,1.1156,0.6867,0.8501,1.3711,1.2029
2013-03-15,1.9021,1.3798,1.2923,1.1255,1.0037,0.6773,1.1192,0.6935,0.8503,1.3965,1.2089
2013-03-18,1.8645,1.3632,1.2811,1.1292,1.0046,0.6725,1.116,0.6837,0.8438,1.3707,1.2019
2013-03-19,1.8547,1.3594,1.2783,1.129,1.0044,0.6716,1.1149,0.6816,0.8442,1.3656,1.2
2013-03-20,1.8469,1.3587,1.2779,NA,1.0045,0.6752,1.1148,0.6812,0.8469,1.3685,1.1998
2013-03-21,1.844,1.3528,1.2734,1.1288,1.0044,0.6711,1.113,0.6791,0.8382,1.3633,1.1967
2013-03-22,1.8468,1.3552,1.2755,1.1297,1.0044,0.6727,1.1141,0.6796,0.8409,1.3664,1.1983
2013-03-25,1.8551,1.3563,1.276,1.1291,1.0044,0.671,1.1141,0.6787,0.8369,1.374,1.1985
2013-03-26,1.8403,1.3529,1.2738,1.13,1.0047,0.6741,1.1135,0.6779,0.8382,1.3657,1.1972
2013-03-27,1.8566,1.3604,1.2797,1.1318,1.0049,0.6738,1.1161,0.6813,0.8405,1.3782,1.2013
2013-03-28,1.8461,1.3591,1.2791,1.1332,1.0053,0.6756,1.1162,0.6763,0.8449,1.3751,1.2011
2013-04-02,1.8527,1.3604,1.2802,1.1291,0.9993,0.6759,1.117,0.6894,0.8424,1.3735,1.202
2013-04-03,1.8417,1.3524,1.2744,1.1295,0.9992,0.6707,1.1149,0.691,0.8344,1.3698,1.1982
2013-04-04,1.8249,1.3508,1.2742,1.1333,0.9993,0.6718,1.1156,0.6902,0.8394,1.3607,1.1985
2013-04-05,1.8171,1.3486,1.2733,1.1364,0.9994,0.6688,1.1159,0.6885,0.84,1.3519,1.1983
2013-04-08,1.8222,1.3531,1.2769,1.1374,0.9998,0.674,1.1175,0.6897,0.8434,1.3549,1.2009
2013-04-09,1.8481,1.3595,1.2813,1.1362,0.9999,0.6762,1.119,0.6907,0.8395,1.3751,1.2036
2013-04-10,1.8451,1.363,1.2834,1.134,0.9999,0.6855,1.1194,0.6918,0.8466,1.3712,1.2049
2013-04-11,1.8592,1.3707,1.289,1.134,1.0,0.6896,1.1216,0.6958,0.8509,1.3839,1.2088
2013-04-12,1.8616,1.3736,1.2915,1.1352,1.0002,0.6868,1.1229,0.71,0.8521,1.3818,1.2106
2013-04-15,1.8439,1.3626,1.2838,1.1367,1.0007,0.6752,1.1205,0.7111,0.8461,1.3783,1.2057
2013-04-16,1.8368,1.366,1.2862,1.1365,1.0009,0.6789,1.1215,0.7147,0.8547,1.3769,1.2074
2013-04-17,1.8563,1.3686,1.2882,1.1369,1.0009,0.6711,1.1223,0.7259,0.8469,1.392,1.2087
2013-04-18,1.8262,1.3563,1.2796,1.1387,1.0011,0.6679,1.1195,0.7228,0.8426,1.3796,1.2032
2013-04-19,1.8294,1.3624,1.2841,1.1387,1.0012,0.6731,1.1212,0.7254,0.8486,1.3735,1.2061
2013-04-22,1.8419,1.37,1.2897,1.1392,1.0013,0.6763,1.1233,0.7201,0.8561,1.3851,1.21
2013-04-23,1.8598,1.3818,1.2989,1.1412,1.0016,0.6846,1.1273,0.7252,0.8655,1.399,1.2166
2013-04-24,1.8915,1.3961,1.3094,1.1416,1.0019,0.6884,1.1315,0.7342,0.8695,1.4259,1.2236
2013-04-26,1.8901,1.3954,1.3091,1.1425,1.0022,0.6891,1.1315,0.7234,0.8716,1.419,1.2235
2013-04-29,1.9004,1.4006,1.3132,NA,1.0025,0.6939,1.1335,0.7263,0.873,1.4267,1.2265
2013-04-30,1.9241,1.4107,1.3207,1.1444,1.0026,0.6953,1.1365,0.7308,0.8744,1.4475,1.2315
2013-05-01,1.9148,1.4079,1.3189,NA,1.0027,0.691,1.1359,0.7287,0.8767,1.4429,1.2304
2013-05-02,1.9009,1.4078,1.3193,1.1476,1.0031,0.6948,1.1366,0.7333,0.8827,1.4377,1.2311
2013-05-03,1.9008,1.4096,1.3202,NA,1.0032,0.7011,1.1366,0.7333,0.8855,1.4383,1.2315
2013-05-06,1.9106,1.4165,1.325,NA,1.0032,0.702,1.1382,0.7342,0.8914,1.4402,1.2347
2013-05-07,1.9061,1.4223,1.3293,1.1449,1.0036,0.7076,1.1399,0.7322,0.9043,1.431,1.2377
2013-05-08,1.9266,1.4329,1.3372,1.1457,1.0039,0.7117,1.1431,0.7425,0.909,1.446,1.2432
2013-05-09,1.9296,1.4315,1.3359,1.1446,1.0038,0.7097,1.1423,0.7432,0.9053,1.4456,1.2421
2013-05-10,1.9328,1.4414,1.3422,1.1405,1.0036,0.7147,1.1439,0.7468,0.9228,1.4448,1.2461
2013-05-13,1.9388,1.4456,1.3452,1.1401,1.0037,0.7155,1.1451,0.7534,0.9265,1.4517,1.2481
2013-05-14,1.9426,1.4529,1.3504,1.1392,1.0039,0.7211,1.1468,0.7543,0.9374,1.4543,1.2516
2013-05-15,1.9317,1.4526,1.3501,1.1386,1.0039,0.7259,1.1466,0.7473,0.9442,1.4485,1.2513
2013-05-16,1.9214,1.4504,1.3492,1.1414,1.0041,0.7235,1.1468,0.751,0.9454,1.4445,1.251
2013-05-17,1.9271,1.461,1.3571,1.1417,1.0044,0.7297,1.1498,0.7506,0.9608,1.4429,1.2564
2013-05-20,1.9371,1.4635,1.3587,1.1406,1.0045,0.7311,1.1502,0.7516,0.9585,1.4523,1.2574
2013-05-21,1.9264,1.4624,1.3576,1.1395,1.0044,0.7333,1.1496,0.756,0.9623,1.438,1.2566
2013-05-22,1.9208,1.4595,1.3552,1.1385,1.0043,0.7315,1.1483,0.7399,0.9671,1.4331,1.2548
2013-05-23,1.8824,1.4353,1.3375,1.1382,1.0045,0.72,1.1421,0.7257,0.9524,1.3979,1.2432
2013-05-24,1.8531,1.4261,1.3307,1.1376,1.0044,0.7192,1.1394,0.7168,0.9553,1.3755,1.2387
2013-05-27,1.8439,NA,NA,NA,1.0047,NA,NA,0.7186,NA,1.3722,NA
2013-05-28,1.8484,1.4289,1.3323,1.1357,1.0047,0.7247,1.1397,0.7173,0.9636,1.3768,1.2397
2013-05-29,1.8504,1.4243,1.3282,1.1326,1.0046,0.7181,1.1377,0.7159,0.9584,1.3676,1.2368
2013-05-30,1.8373,1.4154,1.322,1.1342,1.0048,0.7177,1.1357,0.6982,0.954,1.357,1.2328
2013-05-31,1.836,1.4133,1.3203,1.1339,1.005,0.7092,1.1351,0.7037,0.9514,1.352,1.2317
2013-06-03,1.8214,1.4009,1.3114,1.134,1.0051,0.7076,1.1321,0.6904,0.9398,1.3474,1.2258
2013-06-04,1.826,1.4055,1.3143,1.1324,1.0051,0.7078,1.1328,0.6925,0.9469,1.3473,1.2276
2013-06-05,1.8019,1.3942,1.3065,1.1337,1.0052,0.6959,1.1302,0.6833,0.9447,1.3303,1.2225
2013-06-06,1.7819,1.3889,1.3029,1.1342,1.0056,0.6958,1.1292,0.6832,0.9473,1.3137,1.2203
2013-06-07,1.7658,1.3911,1.3047,1.1345,1.0058,0.7025,1.1298,0.6832,0.9627,1.3071,1.2216
2013-06-11,1.7727,1.3917,1.3041,1.1302,1.0058,0.6978,1.1291,0.6797,0.9665,1.3122,1.221
2013-06-12,1.7606,1.3791,1.2945,1.1285,1.0056,0.6933,1.1252,0.677,0.9522,1.3034,1.2143
2013-06-13,1.7496,1.3738,1.2913,1.1306,1.0056,0.696,1.1244,0.6698,0.948,1.3012,1.2124
2013-06-14,1.785,1.3855,1.3002,1.1332,1.0057,0.6952,1.1283,0.6736,0.9437,1.3253,1.2185
2013-06-17,1.7976,1.397,1.3084,1.1323,1.0059,0.7019,1.1313,0.6771,0.9574,1.3365,1.224
2013-06-18,1.7932,1.4044,1.3139,1.1321,1.006,0.7058,1.1333,0.6886,0.9727,1.3313,1.2278
2013-06-19,1.8103,1.4027,1.312,1.1304,1.006,0.7005,1.1325,0.6982,0.9596,1.345,1.2263
2013-06-20,1.7724,1.3847,1.2971,1.1223,1.0058,0.681,1.1255,0.681,0.9629,1.3183,1.2157
2013-06-21,1.7649,1.3786,1.2916,1.1176,1.0057,0.6807,1.1227,0.672,0.9584,1.3112,1.2116
2013-06-24,1.7414,1.3587,1.2755,1.1106,1.0053,0.6715,1.1156,0.6736,0.9384,1.2966,1.2002
2013-06-25,1.7364,1.3633,1.2796,1.1133,1.0058,0.6778,1.1176,0.6673,0.9493,1.2955,1.2033
2013-06-26,1.7644,1.3761,1.2892,1.1154,1.0058,0.685,1.1216,0.6775,0.9504,1.317,1.2098
2013-06-27,1.7938,1.3953,1.3038,1.118,1.006,0.6918,1.1275,0.6898,0.9612,1.3429,1.2198
2013-06-28,1.7909,1.4022,1.3092,1.1198,1.0063,0.6914,1.1296,0.6966,0.9729,1.3402,1.2235
2013-07-01,1.7374,1.3713,1.2785,1.0896,0.999,0.6777,1.107,0.6747,0.964,1.3064,1.1969
2013-07-02,1.7828,1.3924,1.2941,1.0916,0.9991,0.6785,1.1136,0.6954,0.9698,1.3365,1.2077
2013-07-03,1.7503,1.3826,1.2873,1.0916,0.9993,0.6767,1.1109,0.6814,0.978,1.3102,1.2032
2013-07-04,1.7689,NA,NA,NA,0.9992,NA,NA,0.6856,NA,1.3245,NA
2013-07-05,1.7863,1.3995,1.2985,1.0877,0.9991,0.6846,1.1145,0.6979,0.9836,1.3385,1.2102
2013-07-08,1.7745,1.3936,1.2944,1.0883,0.9993,0.6884,1.1132,0.6861,0.983,1.3361,1.2077
2013-07-09,1.8009,1.4073,1.3045,1.0895,0.9996,0.6946,1.1175,0.6984,0.9873,1.3541,1.2146
2013-07-10,1.808,1.4091,1.3059,1.09,0.9997,0.695,1.1182,0.6911,0.9878,1.3598,1.2157
2013-07-11,1.8315,1.4289,1.3211,1.0935,1.0,0.7025,1.1243,0.6878,1.0069,1.3747,1.226
2013-07-12,1.8347,1.4351,1.3256,1.0937,1.0002,0.7039,1.1259,0.6855,1.018,1.3774,1.2291
2013-07-15,1.8372,1.4358,1.3264,NA,1.0005,0.7056,1.1265,0.6865,1.0159,1.3808,1.2298
2013-07-16,1.839,1.4285,1.321,1.0949,1.0003,0.7032,1.1246,0.6872,0.9998,1.3843,1.2261
2013-07-17,1.8375,1.4297,1.322,1.0955,1.0001,0.7053,1.1249,0.6814,1.0034,1.3819,1.2268
2013-07-18,1.8418,1.438,1.3284,1.0969,1.0004,0.7098,1.1275,0.6858,1.0153,1.3851,1.2312
2013-07-19,1.8342,1.4337,1.3256,1.0978,1.0005,0.7098,1.1268,0.6868,1.0124,1.3837,1.2295
2013-07-22,1.8452,1.4375,1.3286,1.0992,1.0009,0.7112,1.1283,0.6847,1.0116,1.3924,1.2317
2013-07-23,1.8509,1.4393,1.3297,1.0986,1.001,0.7106,1.1285,0.6825,1.0108,1.3954,1.2324
2013-07-24,1.8575,1.4423,1.3313,1.0967,1.0009,0.7105,1.1288,0.6877,1.0147,1.4007,1.2333
2013-07-25,1.8575,1.4437,1.332,1.0952,1.0009,0.71,1.1288,0.6979,1.0158,1.3946,1.2336
2013-07-26,1.8597,1.4414,1.3306,1.0963,1.001,0.7074,1.1287,0.6982,1.0097,1.3983,1.2329
2013-07-29,1.8609,1.4401,1.3298,1.0967,1.0015,0.7041,1.1287,0.6992,1.0078,1.4003,1.2325
2013-07-30,1.861,1.448,1.3359,1.0981,1.0019,0.7063,1.1311,0.6923,1.0253,1.3999,1.2367
2013-07-31,1.8633,1.451,1.3382,1.0982,1.002,0.7059,1.1319,0.6828,1.034,1.4047,1.2381
2013-08-01,1.8665,1.4612,1.3454,1.0975,1.0022,0.7156,1.1343,0.6821,1.0518,1.4054,1.2428
2013-08-02,1.8865,1.4712,1.3527,1.0979,1.002,0.7185,1.1369,0.6789,1.0597,1.4208,1.2475
2013-08-05,1.8843,1.4697,1.3522,1.1004,1.0029,0.7173,1.1374,0.6737,1.058,1.4221,1.2477
2013-08-06,1.8821,1.4639,1.3476,1.0985,1.0025,0.7142,1.1356,0.6862,1.0474,1.419,1.2445
2013-08-07,1.8475,1.4478,1.3363,1.0998,1.0026,0.7095,1.1317,0.6788,1.0411,1.3939,1.2372
2013-08-08,1.8669,1.4514,1.3389,1.1004,1.0026,0.7116,1.1331,0.6895,1.0314,1.4081,1.2391
2013-08-09,1.8647,1.4468,1.3354,1.0997,1.0024,0.7117,1.1318,0.6923,1.0212,1.4019,1.2367
2013-08-12,1.8845,1.4539,1.3404,1.0999,1.0025,0.7113,1.1337,0.6918,1.0219,1.4146,1.24
2013-08-13,1.9028,1.4651,1.3477,1.0968,1.0024,0.7148,1.1355,0.6908,1.0339,1.4302,1.2444
2013-08-14,1.9033,1.4613,1.3446,1.0956,1.0023,0.7142,1.1342,0.6844,1.0273,1.4318,1.2422
2013-08-15,1.9017,1.4564,1.3405,1.0933,1.0023,0.7055,1.1324,0.6862,1.0219,1.4314,1.2393
2013-08-16,1.8878,1.4439,1.331,1.0915,1.0023,0.7046,1.1287,0.6815,1.0091,1.4196,1.2329
2013-08-19,1.8949,1.4447,1.3313,1.0899,1.0025,0.7011,1.1287,0.6769,1.0099,1.427,1.233
2013-08-20,1.8841,1.4455,1.3324,1.0918,1.0026,0.7,1.1295,0.6793,1.0174,1.4208,1.234
2013-08-21,1.8921,1.4478,1.3338,1.0908,1.0027,0.696,1.13,0.6851,1.0169,1.4278,1.2349
2013-08-22,1.883,1.447,1.3328,1.0889,1.0027,0.7017,1.1292,0.6804,1.0224,1.4228,1.2341
2013-08-23,1.9013,1.4572,1.3405,1.0904,1.0028,0.7059,1.1323,0.68,1.0287,1.4334,1.2393
2013-08-26,1.9077,1.4575,1.3409,1.0914,1.003,0.7043,1.1327,0.684,1.0235,1.4393,1.2397
2013-08-27,1.9106,1.4552,1.34,1.0942,1.0031,0.6938,1.1331,0.6847,1.0193,1.441,1.2394
2013-08-28,1.8909,1.4476,1.3345,1.0937,1.0032,0.6929,1.131,0.6832,1.0192,1.4274,1.2357
2013-08-29,1.8928,1.4504,1.3367,1.0946,1.0033,0.6954,1.1318,0.6816,1.022,1.4268,1.2372
2013-08-30,1.9089,1.4538,1.3392,1.0951,1.0034,0.6915,1.1328,0.6818,1.0182,1.4397,1.2388
2013-09-02,1.9337,NA,NA,NA,1.0035,NA,NA,0.6856,NA,1.4597,NA
2013-09-03,1.9371,1.4594,1.342,1.0908,1.0033,0.6985,1.1333,0.6886,1.0091,1.4628,1.2404
2013-09-04,1.9245,1.4522,1.3365,1.0897,1.0032,0.7023,1.1311,0.6812,1.0032,1.4536,1.2367
2013-09-05,1.9186,1.4524,1.3359,1.0867,1.003,0.7047,1.13,0.6737,1.0101,1.45,1.2358
2013-09-06,1.9197,1.4518,1.3355,1.0872,1.003,0.705,1.13,0.6743,1.0057,1.4526,1.2357
2013-09-09,1.9355,1.4629,1.344,1.0892,1.0035,0.7103,1.1335,0.6783,1.012,1.4639,1.2415
2013-09-10,1.9427,1.466,1.3455,1.087,1.0033,0.7163,1.1335,0.6778,1.0114,1.4703,1.2422
2013-09-11,1.9547,1.472,1.35,1.0877,1.0034,0.7182,1.1354,0.6804,1.0143,1.4769,1.2453
2013-09-12,1.9577,1.4739,1.3521,1.0906,1.0038,0.7164,1.1367,0.6788,1.0168,1.4796,1.247
2013-09-13,1.9491,1.4737,1.3519,1.0901,1.0036,0.7177,1.1366,0.6826,1.0214,1.4747,1.2468
2013-09-16,1.9599,1.4779,1.3555,NA,1.0039,0.7214,1.1384,0.6843,1.0188,1.4839,1.2495
2013-09-17,1.9611,1.4778,1.3553,1.0923,1.0041,0.7221,1.1384,0.6845,1.0175,1.4877,1.2494
2013-09-18,1.956,1.4828,1.3593,1.0934,1.0042,0.7284,1.1401,0.6867,1.0281,1.4817,1.2522
2013-09-19,1.9773,1.4902,1.3655,1.0969,1.0047,0.7305,1.1432,0.6975,1.0227,1.4957,1.2567
2013-09-20,1.9703,1.487,1.363,1.0965,1.0045,0.7275,1.1421,0.6921,1.0247,1.4942,1.255
2013-09-23,1.9615,1.4792,1.3575,NA,1.0046,0.7243,1.1402,0.6914,1.0148,1.4881,1.2514
2013-09-24,1.9549,1.4789,1.358,1.0998,1.0048,0.724,1.1409,0.6901,1.019,1.4811,1.252
2013-09-25,1.9703,1.4852,1.3628,1.1011,1.005,0.7228,1.143,0.6908,1.0205,1.4916,1.2554
2013-09-26,1.9771,1.4889,1.3653,1.1003,1.005,0.7253,1.1437,0.6876,1.0241,1.4976,1.257
2013-09-27,1.9816,1.4924,1.368,1.1012,1.0051,0.7232,1.145,0.6915,1.0279,1.5,1.2589
2013-09-30,1.949,1.4752,1.3561,1.1022,1.0053,0.7179,1.1409,0.6877,1.0167,1.4752,1.2512
2013-10-01,1.9445,1.4766,1.3569,1.0984,0.9993,0.7227,1.1409,0.6901,1.0197,1.4511,1.2516
2013-10-02,1.9478,1.4782,1.3582,1.0992,0.9993,0.7203,1.1415,0.6963,1.0199,1.4539,1.2525
2013-10-03,1.955,1.4767,1.3571,1.0996,0.9995,0.7161,1.1412,0.6977,1.0125,1.4558,1.2519
2013-10-04,1.945,1.471,1.3526,1.0976,0.9994,0.7189,1.1392,0.6949,1.0086,1.45,1.2487
2013-10-07,1.9273,1.4625,1.3465,1.0974,0.9993,0.7142,1.1369,0.6939,1.004,1.4348,1.2447
2013-10-08,1.923,1.4543,1.3406,1.0973,0.9996,0.7076,1.1348,0.6893,0.9917,1.4313,1.2407
2013-10-09,1.9241,1.4543,1.3405,1.0969,0.9995,0.7084,1.1347,0.6884,0.9911,1.4367,1.2406
2013-10-10,1.9221,1.463,1.3465,1.0954,0.9994,0.7214,1.1365,0.6883,1.0073,1.4382,1.2444
2013-10-11,1.9531,1.4787,1.358,1.0965,0.9995,0.7262,1.141,0.6975,1.0136,1.4635,1.252
2013-10-14,1.9443,1.4767,1.3567,NA,0.9997,0.728,1.1407,0.6968,1.0156,1.4565,1.2513
2013-10-15,1.9634,1.4792,1.3579,1.0947,0.9997,0.727,1.1408,0.7008,1.0067,1.468,1.2518
2013-10-16,1.9645,1.4843,1.3617,1.0954,0.9998,0.7333,1.1423,0.6998,1.0147,1.4661,1.2544
2013-10-17,1.9721,1.4881,1.3653,1.0988,1.0,0.7368,1.1444,0.7004,1.0141,1.4718,1.2571
2013-10-18,1.9864,1.4961,1.3713,1.0999,1.0001,0.7414,1.1468,0.7065,1.018,1.4844,1.2612
2013-10-21,1.9977,1.4998,1.374,1.1002,1.0004,0.7426,1.1479,0.7056,1.0182,1.4916,1.263
2013-10-22,2.0059,1.5047,1.3779,1.1021,1.0003,0.7462,1.1497,0.707,1.0208,1.4952,1.2658
2013-10-23,1.9996,1.5038,1.378,1.1047,1.0005,0.7424,1.1503,0.705,1.0241,1.4884,1.2663
2013-10-24,2.0058,1.5096,1.3821,1.1042,1.0005,0.7455,1.1517,0.705,1.0321,1.4953,1.2689
2013-10-25,2.011,1.5118,1.3838,1.1049,1.0006,0.7455,1.1525,0.7026,1.0325,1.5011,1.2701
2013-10-28,2.0311,1.5203,1.3897,1.1047,1.0008,0.747,1.1547,0.7077,1.0355,1.5153,1.274
2013-10-29,2.0215,1.522,1.3913,1.1056,1.0009,0.7504,1.1553,0.7051,1.0466,1.5111,1.2752
2013-10-30,2.0268,1.5227,1.3919,1.1066,1.0011,0.7492,1.1557,0.7022,1.0457,1.5145,1.2757
2013-10-31,2.0244,1.5199,1.3897,1.1058,1.0009,0.7468,1.1548,0.7054,1.0421,1.5126,1.2742
2013-11-01,2.0188,1.5179,1.3879,1.104,1.0009,0.7469,1.1539,0.7045,1.0426,1.5084,1.2729
2013-11-04,2.0109,1.5141,1.3851,NA,1.001,0.7489,1.1528,0.7036,1.0397,1.5047,1.271
2013-11-05,2.0263,1.5165,1.3864,1.102,1.0009,0.7468,1.1531,0.7069,1.0366,1.5145,1.2717
2013-11-06,2.0269,1.5168,1.3864,1.1013,1.0009,0.7503,1.153,0.7006,1.0391,1.5154,1.2716
2013-11-07,2.0298,1.515,1.3853,1.1024,1.0012,0.7435,1.1529,0.7032,1.0349,1.5153,1.2712
2013-11-08,2.026,1.5196,1.3886,1.102,1.0013,0.7487,1.1541,0.705,1.0494,1.5162,1.2733
2013-11-11,2.0211,1.5202,1.3888,1.101,1.0014,0.7506,1.1541,0.7064,1.0539,1.5108,1.2734
2013-11-12,2.0231,1.5224,1.39,1.0993,1.0013,0.7499,1.1541,0.7096,1.0575,1.5107,1.274
2013-11-13,1.9959,1.5148,1.3852,1.1009,1.0014,0.752,1.1528,0.7022,1.0626,1.4919,1.271
2013-11-14,2.0093,1.523,1.3915,1.1031,1.0016,0.757,1.1554,0.7035,1.0673,1.4985,1.2754
2013-11-15,2.0265,1.5307,1.3969,1.1031,1.0017,0.7608,1.1574,0.7077,1.0682,1.5112,1.2789
2013-11-18,2.0199,1.527,1.3945,1.1043,1.0019,0.7605,1.1566,0.7021,1.0652,1.5072,1.2774
2013-11-19,2.0084,1.5183,1.3881,1.1033,1.0019,0.7578,1.1541,0.6943,1.0585,1.4993,1.273
2013-11-20,1.9917,1.5107,1.3824,1.1022,1.002,0.7558,1.1518,0.6864,1.0579,1.4897,1.2692
2013-11-21,1.9844,1.5172,1.3869,1.1011,1.0019,0.7602,1.1532,0.6803,1.0791,1.4817,1.2721
2013-11-22,2.0021,1.5312,1.397,1.102,1.002,0.763,1.1569,0.6893,1.0942,1.4959,1.2788
2013-11-25,2.0079,1.534,1.3993,1.1031,1.0023,0.7641,1.158,0.6924,1.0954,1.5012,1.2805
2013-11-26,2.0096,1.5355,1.4009,1.105,1.0024,0.7624,1.1589,0.6911,1.0976,1.5015,1.2817
2013-11-27,2.0002,1.5364,1.4015,1.105,1.0025,0.7643,1.1591,0.6892,1.105,1.4957,1.2821
2013-11-28,2.0008,NA,NA,NA,1.0025,NA,NA,0.6845,NA,1.491,NA
2013-11-29,1.996,1.5329,1.399,1.1052,1.0025,0.7652,1.1582,0.6857,1.101,1.4834,1.2805
2013-12-02,1.9806,1.5246,1.3925,1.1028,1.0026,0.7633,1.1553,0.672,1.0995,1.4742,1.276
2013-12-03,1.9717,1.5166,1.3868,1.103,1.0028,0.7586,1.153,0.6744,1.0911,1.467,1.272
2013-12-04,1.978,1.524,1.3919,1.102,1.0031,0.7556,1.1542,0.6791,1.1002,1.4725,1.2749
2013-12-05,1.9499,1.5113,1.3824,1.1004,1.003,0.7516,1.1501,0.6695,1.094,1.448,1.2682
2013-12-06,1.9456,1.5104,1.3816,1.1,1.0031,0.7584,1.1496,0.6636,1.096,1.4443,1.2675
2013-12-09,1.9301,1.509,1.3812,1.102,1.0034,0.7609,1.1505,0.6621,1.1008,1.4387,1.2679
2013-12-10,1.9296,1.504,1.3779,1.1031,1.0035,0.7582,1.1499,0.6611,1.0921,1.4388,1.2661
2013-12-11,1.915,1.4972,1.3732,1.1033,1.0035,0.7517,1.1482,0.6548,1.0923,1.4303,1.263
2013-12-12,1.8994,1.4961,1.3724,1.1034,1.0037,0.7477,1.148,0.65,1.101,1.4227,1.2625
2013-12-13,1.9127,1.4991,1.3747,1.104,1.0038,0.7474,1.1492,0.6555,1.0971,1.4323,1.2643
2013-12-16,1.9094,1.5014,1.3768,1.1056,1.0041,0.7522,1.1507,0.6524,1.1041,1.4363,1.2662
2013-12-17,1.9144,1.5061,1.3803,1.1064,1.0041,0.75,1.1523,0.6485,1.1093,1.4462,1.2687
2013-12-18,1.9117,1.5146,1.3863,1.1061,1.0042,0.7599,1.1543,0.6552,1.125,1.4366,1.2725
2013-12-19,1.9511,1.5304,1.3971,1.1048,1.004,0.7641,1.1575,0.6664,1.1317,1.4644,1.2792
2013-12-20,1.9742,1.5373,1.4022,1.1052,1.0041,0.7675,1.1596,0.6734,1.1292,1.4777,1.2827
2013-12-23,1.9881,1.5451,1.4076,NA,1.0043,0.7721,1.1613,0.6846,1.1332,1.4891,1.2861
2013-12-24,2.0013,1.5511,1.4118,1.1044,1.0043,0.7739,1.1627,0.6836,1.1366,1.5007,1.2888
2013-12-27,2.0003,1.5577,1.416,1.1028,1.0044,0.7806,1.1633,0.6768,1.1518,1.5015,1.2908
2013-12-30,2.0128,1.5624,1.4197,1.1042,1.0045,0.7807,1.1654,0.682,1.1504,1.5072,1.2938
2013-12-31,2.011,1.5603,1.4183,NA,1.0046,0.7832,1.1649,0.6767,1.1491,1.5057,1.2929
2014-01-02,1.9653,1.5351,1.3974,NA,0.9992,0.7775,1.1495,0.6641,1.1331,1.484,1.2744
2014-01-03,1.9586,1.5294,1.3934,NA,0.9993,0.778,1.1481,0.6649,1.1272,1.4785,1.2718
2014-01-06,1.9492,1.526,1.3913,1.0979,0.9993,0.776,1.1479,0.6643,1.1265,1.4712,1.2707
2014-01-07,1.9461,1.5317,1.3958,1.0998,0.9995,0.7802,1.1505,0.6707,1.1372,1.4688,1.2743
2014-01-08,1.9457,1.5313,1.3954,1.0992,0.9996,0.7816,1.1501,0.6709,1.1371,1.469,1.2739
2014-01-09,1.9489,1.5338,1.3971,1.0991,0.9995,0.7803,1.1506,0.6731,1.1401,1.4701,1.275
2014-01-10,1.9444,1.5315,1.3962,1.1017,0.9997,0.7829,1.1517,0.6729,1.1356,1.471,1.2753
2014-01-13,1.937,1.5202,1.3886,NA,0.9999,0.7781,1.1498,0.6727,1.1177,1.4645,1.2709
2014-01-14,1.9078,1.5168,1.3863,1.1035,1.0001,0.7813,1.1491,0.6638,1.1303,1.4427,1.2695
2014-01-15,1.92,1.5298,1.3953,1.1028,1.0001,0.7877,1.1519,0.6715,1.1455,1.4525,1.275
2014-01-16,1.9431,1.5462,1.4076,1.105,1.0005,0.7873,1.1573,0.6786,1.1604,1.4681,1.2837
2014-01-17,1.942,1.5463,1.4082,1.1068,1.0008,0.7864,1.1584,0.6747,1.1614,1.4633,1.2846
2014-01-20,1.9382,NA,NA,NA,1.0009,NA,NA,0.6727,NA,1.4581,NA
2014-01-21,1.9515,1.5497,1.4107,1.1072,1.0009,0.7876,1.1595,0.6798,1.1606,1.4665,1.2864
2014-01-22,1.9474,1.5456,1.4071,1.1048,1.0007,0.7881,1.1571,0.6788,1.1548,1.464,1.2833
2014-01-23,1.9266,1.5387,1.4028,1.1069,1.0007,0.7815,1.1566,0.6667,1.1575,1.449,1.2812
2014-01-24,1.9187,1.5276,1.3956,1.1098,1.001,0.7651,1.1556,0.6642,1.1426,1.4411,1.2775
2014-01-28,1.8942,1.512,1.3848,1.1105,1.0012,0.7626,1.1522,0.6561,1.131,1.428,1.2706
2014-01-29,1.9137,1.5174,1.3885,1.11,1.0011,0.7585,1.1532,0.6625,1.1279,1.438,1.273
2014-01-30,1.8987,1.5146,1.387,1.1117,1.0013,0.7624,1.1536,0.6617,1.13,1.4253,1.2725
2014-01-31,1.8996,1.5147,1.3874,1.1127,1.0013,0.7584,1.1542,0.6616,1.128,1.4275,1.2731
2014-02-03,1.8985,1.4973,1.3754,1.1142,1.0015,0.7451,1.1509,0.6636,1.0976,1.426,1.2659
2014-02-04,1.8655,1.4803,1.3631,1.1134,1.0015,0.7448,1.1462,0.6621,1.086,1.4025,1.2575
2014-02-05,1.8557,1.4762,1.36,1.1128,1.0014,0.746,1.1448,0.6601,1.0853,1.3926,1.2553
2014-02-06,1.8777,1.4882,1.3681,1.1112,1.0013,0.7552,1.1469,0.6609,1.094,1.4118,1.2601
2014-02-07,1.892,1.5014,1.3775,1.1111,1.0013,0.7638,1.1502,0.6659,1.1085,1.4162,1.2663
2014-02-10,1.9121,1.5105,1.384,1.1113,1.0015,0.7657,1.1527,0.6661,1.1128,1.4298,1.2707
2014-02-11,1.9239,1.5148,1.3868,NA,1.0015,0.7732,1.1532,0.6664,1.1138,1.4394,1.2722
2014-02-12,1.9441,1.5242,1.3931,1.1089,1.0016,0.7752,1.1548,0.6804,1.1157,1.453,1.276
2014-02-13,1.9436,1.5298,1.3978,1.1114,1.0018,0.7767,1.1577,0.6812,1.1263,1.4557,1.2798
2014-02-14,1.9611,1.5367,1.4029,1.1124,1.0018,0.7789,1.16,0.6855,1.1262,1.4661,1.2835
2014-02-17,1.9752,NA,NA,NA,1.0019,NA,NA,0.6866,NA,1.4736,NA
2014-02-18,1.9788,1.5458,1.4095,1.1126,1.002,0.7836,1.1625,0.6879,1.1314,1.4716,1.2879
2014-02-19,1.9842,1.546,1.4097,1.1129,1.0021,0.781,1.1627,0.6903,1.1276,1.4735,1.2882
2014-02-20,1.9855,1.5501,1.4124,1.1124,1.0022,0.7828,1.1635,0.6919,1.1351,1.4756,1.2898
2014-02-21,1.9959,1.5575,1.4177,1.1121,1.0022,0.7846,1.1652,0.6973,1.1403,1.4824,1.2931
2014-02-24,2.0021,1.5581,1.4184,1.1131,1.0024,0.7886,1.1659,0.6954,1.1388,1.4863,1.2939
2014-02-25,2.0007,1.5583,1.4189,1.1143,1.0026,0.7887,1.1668,0.7001,1.1384,1.4843,1.2946
2014-02-26,2.0018,1.5616,1.4216,1.1159,1.0027,0.7879,1.1685,0.6929,1.1439,1.4914,1.2969
2014-02-27,1.9938,1.5613,1.4221,1.1182,1.0029,0.7895,1.1698,0.6884,1.1479,1.4819,1.2979
2014-02-28,1.992,1.5644,1.4242,1.1182,1.0031,0.7909,1.1706,0.6894,1.1537,1.4819,1.2993
2014-03-03,1.9891,1.5572,1.4198,1.1205,1.0033,0.7815,1.1701,0.6934,1.1416,1.4819,1.2972
2014-03-04,1.995,1.5674,1.4266,1.1188,1.0032,0.7936,1.1718,0.6951,1.1556,1.4859,1.3011
2014-03-05,2.0133,1.5708,1.4288,1.118,1.0032,0.7938,1.1721,0.694,1.1518,1.4969,1.3022
2014-03-06,2.0135,1.5667,1.4254,1.1162,1.003,0.7966,1.17,0.6923,1.1449,1.4962,1.2995
2014-03-07,2.0202,1.5661,1.4246,1.1149,1.003,0.7943,1.169,0.6927,1.1409,1.504,1.2984
2014-03-10,2.0017,1.5605,1.4205,1.1148,1.0032,0.7928,1.1675,0.6834,1.1455,1.5004,1.2957
2014-03-11,2.0021,1.5601,1.4204,1.1154,1.0034,0.7907,1.1679,0.6893,1.1424,1.5006,1.2959
2014-03-12,1.9913,1.5569,1.4184,1.1163,1.0035,0.7876,1.1676,0.6861,1.1446,1.4912,1.2949
2014-03-13,2.002,1.5495,1.4134,1.1172,1.0034,0.7796,1.1663,0.6875,1.1235,1.4946,1.2919
2014-03-14,1.9714,1.5372,1.4053,1.1195,1.0035,0.7747,1.1646,0.6796,1.1191,1.4741,1.2874
2014-03-17,1.9686,1.5372,1.4051,1.1188,1.0037,0.781,1.1642,0.677,1.1214,1.4712,1.2871
2014-03-18,1.9783,1.5431,1.4093,1.1187,1.0037,0.7866,1.1657,0.683,1.124,1.4768,1.2898
2014-03-19,1.9826,1.5424,1.4085,1.1177,1.0038,0.7834,1.1648,0.6797,1.1228,1.4839,1.2889
2014-03-20,1.9596,1.5368,1.4042,1.1164,1.0038,0.785,1.1627,0.6784,1.1283,1.4668,1.2856
2014-03-21,1.9754,1.5388,1.4056,NA,1.0038,0.7842,1.1632,0.6798,1.1212,1.4768,1.2866
2014-03-24,1.9787,1.5357,1.4036,1.1172,1.0039,0.7808,1.1629,0.6844,1.1118,1.4781,1.2855
2014-03-25,1.9745,1.5363,1.4043,1.1183,1.004,0.7855,1.1637,0.6775,1.1157,1.4769,1.2864
2014-03-26,1.9887,1.5342,1.403,1.1192,1.0039,0.7841,1.1636,0.6742,1.1048,1.4871,1.2858
2014-03-27,1.9789,1.5298,1.4002,1.1203,1.004,0.7842,1.1632,0.6714,1.1009,1.4828,1.2844
2014-03-28,1.9849,1.5374,1.4055,1.12,1.0041,0.7888,1.165,0.6749,1.1094,1.4884,1.2878
2014-03-31,1.9949,1.5443,1.4106,1.1207,1.004,0.7938,1.1671,0.6782,1.1136,1.494,1.2913
2014-04-01,1.9923,1.549,1.4136,1.1159,0.9987,0.799,1.1675,0.6781,1.1233,1.4805,1.2928
2014-04-02,1.9975,1.5526,1.4157,1.1145,0.9987,0.8014,1.1676,0.6781,1.1265,1.4817,1.2937
2014-04-03,2.0,1.5527,1.416,1.1151,0.9988,0.8012,1.168,0.6789,1.1261,1.4852,1.2941
2014-04-04,2.0048,1.5475,1.4129,1.1173,0.9988,0.7967,1.168,0.6811,1.1121,1.4868,1.2928
2014-04-07,2.0012,1.5431,1.4104,1.1193,0.999,0.7878,1.1681,0.6836,1.1035,1.4858,1.2919
2014-04-08,1.9998,1.5408,1.4087,1.1193,0.9991,0.7878,1.1675,0.6868,1.0986,1.4856,1.2907
2014-04-09,2.0192,1.5505,1.4157,1.1195,0.9992,0.7927,1.1701,0.6939,1.1042,1.5004,1.2954
2014-04-10,2.0256,1.5428,1.4106,1.1213,0.9992,0.7823,1.1692,0.701,1.0835,1.5067,1.2928
2014-04-11,2.0063,1.5304,1.402,1.1221,0.9993,0.7746,1.1666,0.6956,1.0736,1.4915,1.2874
2014-04-14,1.9805,1.523,1.397,1.1229,0.9995,0.779,1.1652,0.6882,1.077,1.4731,1.2844
2014-04-15,1.991,1.531,1.4029,1.1235,0.9996,0.7801,1.1676,0.6922,1.0855,1.4811,1.2885
2014-04-16,2.0026,1.5409,1.4099,1.1235,0.9996,0.7895,1.1702,0.6946,1.0961,1.4908,1.293
2014-04-17,2.0149,1.5492,1.4156,1.1227,0.9997,0.7913,1.1718,0.7012,1.1025,1.501,1.2965
2014-04-22,2.0237,1.5552,1.4198,1.1224,0.9999,0.7978,1.1732,0.7034,1.1076,1.5103,1.2991
2014-04-23,2.0378,1.5637,1.4263,1.124,1.0001,0.7966,1.1763,0.7057,1.1151,1.5197,1.3038
2014-04-24,2.0428,1.5683,1.4295,1.124,1.0001,0.7976,1.1775,0.7115,1.1191,1.5241,1.306
2014-04-28,2.0444,1.5653,1.4278,1.1253,1.0005,0.7935,1.1775,0.7142,1.1138,1.5272,1.3053
2014-04-29,2.0262,1.5632,1.4261,NA,1.0006,0.7985,1.1767,0.7129,1.1203,1.5113,1.304
2014-04-30,2.0273,1.5659,1.4284,1.1258,1.0005,0.8004,1.178,0.7157,1.1245,1.5115,1.3059
2014-05-01,2.0124,1.5619,1.4258,NA,1.0006,0.8019,NA,0.7112,1.1258,1.5032,NA
2014-05-02,2.0156,1.5637,1.4274,1.1278,1.0006,0.8015,1.1786,0.7084,1.1261,1.5059,1.3058
2014-05-05,2.017,1.5638,1.4276,NA,1.0008,0.8018,1.179,0.7073,1.126,1.5058,1.3062
2014-05-06,2.0242,1.5583,1.4239,NA,1.0009,0.7968,1.1781,0.7067,1.1113,1.5104,1.304
2014-05-07,2.0077,1.5555,1.4221,1.1298,1.0011,0.7981,1.1778,0.7067,1.1148,1.5003,1.3031
2014-05-08,2.0225,1.5596,1.4253,1.1307,1.0011,0.7999,1.1794,0.7135,1.112,1.5114,1.3055
2014-05-09,2.0198,1.5596,1.4252,1.1306,1.0011,0.8004,1.1793,0.7145,1.1128,1.512,1.3054
2014-05-12,2.0149,1.5624,1.4271,1.1301,1.0013,0.8066,1.1798,0.7127,1.1198,1.5095,1.3065
2014-05-13,2.0329,1.5683,1.4316,1.1312,1.0014,0.8087,1.1819,0.709,1.1214,1.5202,1.3097
2014-05-14,2.0411,1.5707,1.4339,1.1336,1.0015,0.8075,1.1839,0.7145,1.1184,1.5266,1.312
2014-05-15,2.0461,1.5695,1.4334,1.135,1.0016,0.8013,1.1844,0.7158,1.1127,1.5317,1.3122
2014-05-16,2.0344,1.5661,1.4311,1.1352,1.0017,0.8021,1.1837,0.716,1.1123,1.5243,1.3107
2014-05-19,2.0085,1.5598,1.4268,1.1355,1.0018,0.8035,1.1824,0.7117,1.1161,1.5062,1.3081
2014-05-20,2.0125,1.5631,1.4289,1.1348,1.0018,0.8003,1.1828,0.7108,1.1209,1.5103,1.3092
2014-05-21,2.0138,1.5699,1.434,1.1354,1.0021,0.8053,1.1849,0.7115,1.1334,1.5146,1.3127
2014-05-22,2.0342,1.5779,1.4393,1.1341,1.002,0.8081,1.1861,0.715,1.1348,1.5267,1.3156
2014-05-23,2.039,1.5822,1.4424,1.1344,1.0021,0.8114,1.1874,0.7185,1.1379,1.531,1.3178
2014-05-26,2.0463,NA,NA,NA,1.0022,NA,NA,0.7222,NA,1.5343,NA
2014-05-27,2.0461,1.5883,1.4473,1.1364,1.0023,0.8167,1.1901,0.7235,1.1438,1.5322,1.3217
2014-05-28,2.0518,1.5915,1.4502,1.1387,1.0023,0.8166,1.1922,0.7188,1.1464,1.5366,1.3243
2014-05-29,2.0493,1.5886,1.4484,1.1395,1.0025,0.8194,1.192,NA,1.1425,1.5391,1.3234
2014-05-30,2.0395,1.5839,1.4449,1.1391,1.0025,0.8201,1.1906,0.7155,1.1416,1.5337,1.3211
2014-06-02,2.0489,1.592,1.4503,1.1378,1.0027,0.8221,1.1919,0.7216,1.1495,1.5456,1.3241
2014-06-03,2.0346,1.5873,1.4465,1.1362,1.0028,0.822,1.1898,0.7185,1.1492,1.5342,1.3211
2014-06-04,2.0218,1.5831,1.4432,1.1348,1.0027,0.8233,1.188,0.7244,1.1485,1.5258,1.3185
2014-06-05,2.0187,1.5837,1.4439,1.1359,1.0028,0.827,1.1888,0.7216,1.1492,1.5199,1.3193
2014-06-06,2.0287,1.5895,1.4484,1.1373,1.0028,0.8309,1.1911,0.7241,1.1522,1.5255,1.3228
2014-06-10,2.0306,1.5879,1.447,1.1365,1.0031,0.8324,1.1902,0.7233,1.1489,1.5302,1.3216
2014-06-11,2.0251,1.5826,1.443,1.1357,1.0031,0.8298,1.1884,0.725,1.1426,1.5242,1.3187
2014-06-12,2.0157,1.5757,1.4384,1.1368,1.0032,0.8268,1.1873,0.7243,1.1347,1.5171,1.3161
2014-06-13,2.0071,1.5747,1.4378,1.1372,1.0033,0.8279,1.1873,0.7192,1.1402,1.5163,1.3158
2014-06-16,2.0095,1.5745,1.438,1.1385,1.0034,0.8271,1.188,0.7168,1.1394,1.5176,1.3164
2014-06-17,2.0051,1.5792,1.4416,1.1393,1.0036,0.8289,1.1897,0.7267,1.1482,1.5154,1.319
2014-06-18,1.9986,1.5802,1.442,1.1386,1.0037,0.8334,1.1895,0.7234,1.1545,1.5028,1.319
2014-06-19,2.03,1.5897,1.4493,1.1401,1.0038,0.8364,1.1928,0.726,1.1522,1.5248,1.3243
2014-06-20,2.0127,1.586,1.4465,1.1397,1.0039,0.8374,1.1917,0.727,1.1553,1.5143,1.3223
2014-06-23,2.0249,1.5905,1.4498,1.14,1.004,0.836,1.193,0.7317,1.1582,1.521,1.3246
2014-06-24,2.0175,1.5848,1.4463,1.1419,1.0041,0.8325,1.1927,0.7305,1.1487,1.5155,1.3229
2014-06-25,2.0074,1.5814,1.4445,1.1439,1.0043,0.8323,1.1931,0.7317,1.148,1.5098,1.3224
2014-06-26,2.034,1.591,1.4516,1.1447,1.0043,0.8318,1.196,0.7484,1.146,1.5307,1.3273
2014-06-27,2.0271,1.5897,1.4508,1.1452,1.0044,0.8329,1.196,0.7488,1.1465,1.525,1.327
2014-06-30,2.0087,1.583,1.4462,1.1457,1.0045,0.8333,1.1946,0.7388,1.1459,1.5117,1.3241
2014-07-01,1.9784,1.5604,1.426,1.1349,0.9986,0.839,1.1798,0.7164,1.1286,1.4773,1.3065
2014-07-02,2.0074,1.5739,1.4353,1.134,0.9987,0.8404,1.1828,0.7221,1.1352,1.4986,1.3123
2014-07-03,2.0206,1.5855,1.4438,1.1348,0.9989,0.8452,1.1862,0.7224,1.1493,1.51,1.3181
2014-07-04,2.0329,NA,NA,NA,0.9989,NA,NA,0.7204,NA,1.5183,NA
2014-07-07,2.0306,1.5849,1.4435,1.1352,0.9991,0.8404,1.1863,0.7267,1.1413,1.5153,1.318
2014-07-08,2.0276,1.5778,1.4389,1.1365,0.9991,0.8336,1.1853,0.7276,1.1291,1.5115,1.3155
2014-07-09,2.0066,1.5723,1.4352,1.1375,0.9992,0.8359,1.1846,0.725,1.132,1.4956,1.3134
2014-07-10,2.0113,1.5726,1.4358,1.1386,0.9994,0.8305,1.1854,0.734,1.1267,1.4982,1.3142
2014-07-11,2.0194,1.5756,1.4383,1.14,0.9996,0.8315,1.187,0.7335,1.1281,1.5041,1.3163
2014-07-14,2.0277,1.582,1.4427,1.1393,0.9997,0.8369,1.1882,0.7389,1.1336,1.5068,1.3189
2014-07-15,2.0276,1.5823,1.443,1.1396,0.9998,0.835,1.1884,0.7402,1.1336,1.5076,1.3192
2014-07-16,2.0304,1.5875,1.4469,1.1405,0.9999,0.8405,1.1903,0.7456,1.1406,1.5098,1.3221
2014-07-17,2.0317,1.5812,1.4429,1.1421,0.9999,0.8326,1.1897,0.7427,1.1283,1.5116,1.32
2014-07-18,2.0354,1.5853,1.4459,1.1425,1.0,0.8373,1.1909,0.7415,1.1333,1.5144,1.3221
2014-07-21,2.0383,1.5855,1.4462,NA,1.0,0.8351,1.1912,0.7448,1.1314,1.5164,1.3223
2014-07-22,2.0394,1.5893,1.4489,1.1428,1.0001,0.8411,1.1921,0.7448,1.1364,1.5162,1.3241
2014-07-23,2.0518,1.5918,1.4506,1.1427,1.0,0.8426,1.1927,0.7515,1.1322,1.5244,1.3252
2014-07-24,2.0555,1.5946,1.4523,1.1415,1.0,0.8442,1.1927,0.7508,1.1356,1.5258,1.3259
2014-07-25,2.0541,1.5912,1.4501,1.1424,1.0001,0.8409,1.1924,0.7482,1.1315,1.5267,1.3247
2014-07-28,2.052,1.5914,1.4503,1.1428,1.0003,0.8408,1.1927,0.7483,1.1325,1.5256,1.3251
2014-07-29,2.0558,1.5927,1.4514,1.143,1.0004,0.84,1.1932,0.7494,1.132,1.5315,1.3258
2014-07-30,2.0684,1.5999,1.4561,1.142,1.0005,0.8395,1.1943,0.7562,1.1368,1.5437,1.3286
2014-07-31,2.0717,1.5919,1.4501,1.1408,1.0005,0.8266,1.1916,0.7535,1.1229,1.543,1.3242
2014-08-01,2.0435,1.5769,1.4396,1.1412,1.0005,0.8219,1.1881,0.7405,1.1147,1.5213,1.3175
2014-08-04,2.0379,1.5774,1.4402,1.1422,1.0007,0.8245,1.1889,0.743,1.1166,1.5193,1.3183
2014-08-05,2.0296,1.5711,1.4358,1.1423,1.0007,0.8197,1.1874,0.7411,1.1107,1.5141,1.3154
2014-08-06,2.0271,1.5669,1.4327,1.1421,1.0008,0.8175,1.1862,0.7383,1.1061,1.5123,1.3133
2014-08-07,2.0261,1.5673,1.4339,1.1449,1.0011,0.8134,1.188,0.7378,1.1066,1.5103,1.315
2014-08-08,1.9996,1.5608,1.4301,1.1479,1.0014,0.8161,1.1881,0.7278,1.1116,1.4931,1.3135
2014-08-11,2.0071,1.5701,1.4361,1.1457,1.0014,0.822,1.1892,0.736,1.1202,1.4967,1.3168
2014-08-12,2.0341,1.5776,1.4413,1.1454,1.0014,0.8209,1.1909,0.7443,1.1171,1.5192,1.32
2014-08-13,2.0291,1.5789,1.4423,1.1458,1.0014,0.8263,1.1915,0.7482,1.1196,1.5136,1.3209
2014-08-14,2.0416,1.5854,1.4476,1.1482,1.0016,0.8297,1.1946,0.7517,1.1231,1.5203,1.3251
2014-08-15,2.0482,1.589,1.4506,1.1497,1.0016,0.829,1.1964,0.7584,1.1239,1.5237,1.3276
2014-08-18,2.0557,1.5955,1.4551,1.1493,1.0018,0.8356,1.1979,0.7613,1.13,1.5305,1.3304
2014-08-19,2.0746,1.6059,1.4623,1.1489,1.0019,0.8406,1.2002,0.7679,1.1359,1.5456,1.335
2014-08-20,2.0794,1.6078,1.4635,1.1483,1.0019,0.842,1.2003,0.7688,1.1369,1.5531,1.3355
2014-08-21,2.081,1.6109,1.4656,1.1478,1.0017,0.8455,1.2008,0.7747,1.1415,1.5527,1.3367
2014-08-22,2.0836,1.6102,1.4651,1.1481,1.0018,0.8437,1.2008,0.775,1.1383,1.5528,1.3366
2014-08-25,2.0795,1.6123,1.467,1.1493,1.002,0.8487,1.2021,0.7745,1.145,1.5499,1.3382
2014-08-26,2.0808,1.6125,1.4678,1.1519,1.0022,0.8507,1.2036,0.7663,1.1448,1.5537,1.3395
2014-08-27,2.0906,1.6161,1.4709,1.1537,1.0023,0.8512,1.2056,0.7702,1.1437,1.5583,1.3422
2014-08-28,2.0811,1.6086,1.4657,1.1541,1.0023,0.8482,1.204,0.7639,1.1376,1.5491,1.3389
2014-08-29,2.0839,1.6118,1.4681,1.1546,1.0023,0.8505,1.2051,0.7657,1.1407,1.5525,1.3406
2014-09-01,2.0863,NA,NA,NA,1.0025,NA,NA,0.772,NA,1.5578,NA
2014-09-02,2.0977,1.6215,1.4741,1.1518,1.0025,0.8521,1.2058,0.7749,1.1492,1.5667,1.3436
2014-09-03,2.1013,1.6206,1.4732,1.1505,1.0025,0.8543,1.2049,0.779,1.1441,1.5696,1.3426
2014-09-04,2.0923,1.6136,1.4682,1.1504,1.0026,0.855,1.2031,0.7721,1.1383,1.562,1.3393
2014-09-05,2.0804,1.6101,1.4657,1.1502,1.0026,0.8567,1.2021,0.7666,1.1395,1.5527,1.3376
2014-09-08,2.0739,1.6096,1.4654,1.1505,1.0027,0.8554,1.2021,0.7598,1.1431,1.5488,1.3375
2014-09-09,2.0855,1.6154,1.4686,1.1473,1.0026,0.8515,1.2016,0.7698,1.1471,1.552,1.3385
2014-09-10,2.0751,1.6146,1.4676,1.146,1.0027,0.8532,1.2006,0.7562,1.1576,1.5429,1.3373
2014-09-11,2.0647,1.6145,1.4673,1.1453,1.0026,0.8539,1.2001,0.7508,1.1648,1.5332,1.3369
2014-09-12,2.0592,1.6126,1.4655,1.1437,1.0027,0.8512,1.1987,0.7511,1.1686,1.5273,1.3352
2014-09-15,2.0379,1.6033,1.459,NA,1.0028,0.8502,1.1965,0.7335,1.1689,1.5101,1.331
2014-09-16,2.0273,1.602,1.4581,1.1444,1.0029,0.8531,1.1964,0.7301,1.1733,1.501,1.3306
2014-09-17,2.0134,1.5975,1.455,1.1445,1.0029,0.8541,1.1953,0.725,1.1728,1.486,1.3285
2014-09-18,2.0162,1.6052,1.4598,1.1425,1.0028,0.8589,1.196,0.7334,1.1865,1.4842,1.331
2014-09-19,2.0225,1.6091,1.463,1.144,1.0029,0.8595,1.1978,0.7309,1.1906,1.4885,1.3336
2014-09-22,1.9967,1.6009,1.4578,1.1461,1.0031,0.8534,1.1971,0.7332,1.1913,1.4659,1.3309
2014-09-23,2.0156,1.6038,1.4605,NA,1.0033,0.8473,1.1993,0.7316,1.1869,1.4827,1.3335
2014-09-24,2.0013,1.5994,1.4571,1.1473,1.0032,0.8523,1.1974,0.7271,1.1889,1.4727,1.3308
2014-09-25,2.0035,1.5969,1.4559,1.1495,1.0033,0.8424,1.198,0.7317,1.1818,1.47,1.3307
2014-09-26,1.9782,1.5944,1.4544,1.1503,1.0034,0.8477,1.198,0.725,1.1922,1.452,1.3299
2014-09-29,1.9603,1.5907,1.452,1.1511,1.0036,0.8456,1.1976,0.7277,1.196,1.4389,1.3286
2014-09-30,1.9708,1.5891,1.4509,1.1513,1.0037,0.8442,1.1973,0.7258,1.189,1.4487,1.328
2014-10-01,1.9858,1.591,1.453,1.1503,0.9985,0.835,1.1992,0.7377,1.181,1.4431,1.3302
2014-10-02,1.9722,1.5766,1.4429,1.1506,0.9986,0.8283,1.1958,0.7295,1.1641,1.4349,1.3237
2014-10-03,1.9795,1.5906,1.4525,1.1498,0.9986,0.8357,1.1988,0.7297,1.1848,1.4424,1.3297
2014-10-06,1.9701,1.5851,1.449,1.1511,0.9989,0.837,1.1982,0.7284,1.179,1.4366,1.3278
2014-10-07,1.9671,1.5709,1.4394,1.1528,0.999,0.8254,1.1959,0.7302,1.1539,1.4327,1.3223
2014-10-08,1.9509,1.575,1.4426,1.1539,0.999,0.8317,1.1974,0.7277,1.1715,1.4238,1.3246
2014-10-09,1.9713,1.5703,1.4397,1.1553,0.9992,0.8197,1.1974,0.7412,1.1463,1.4342,1.3234
2014-10-10,1.9309,1.5537,1.4281,1.1556,0.9993,0.8087,1.1933,0.7292,1.1424,1.4051,1.3157
2014-10-13,1.9187,1.5426,1.4204,NA,0.9994,0.8009,1.1911,0.7237,1.1288,1.3978,1.311
2014-10-14,1.9377,1.5509,1.4271,1.1593,0.9995,0.8001,1.1949,0.7242,1.1297,1.4106,1.3164
2014-10-15,1.9516,1.5453,1.4233,1.16,0.9996,0.7908,1.194,0.7272,1.1106,1.4201,1.3143
2014-10-16,1.9546,1.547,1.4245,1.1597,0.9997,0.7884,1.1944,0.7328,1.1111,1.4237,1.315
2014-10-17,1.9607,1.5569,1.4311,1.1584,0.9997,0.7993,1.1961,0.7299,1.1274,1.4289,1.3189
2014-10-20,1.9782,1.5661,1.4375,1.1576,0.9998,0.8057,1.198,0.7312,1.1323,1.4411,1.3229
2014-10-21,1.9803,1.5755,1.4447,1.1594,1.0,0.8188,1.2015,0.7364,1.147,1.4413,1.3282
2014-10-22,2.0027,1.5823,1.4492,1.1582,1.0,0.818,1.2026,0.7433,1.1445,1.4566,1.3308
2014-10-23,2.0017,1.5901,1.4545,1.1573,1.0,0.8258,1.2041,0.7467,1.1591,1.4569,1.334
2014-10-24,2.0124,1.5936,1.4569,1.1573,1.0001,0.8291,1.2049,0.7474,1.1599,1.4653,1.3356
2014-10-27,2.0294,1.5995,1.4613,1.1579,1.0001,0.8275,1.2068,0.7591,1.1588,1.4741,1.3387
2014-10-28,2.0268,1.603,1.464,1.1586,1.0003,0.8361,1.2081,0.7575,1.1648,1.4711,1.3407
2014-10-29,2.025,1.5992,1.4609,1.1572,1.0003,0.8369,1.2064,0.756,1.1586,1.4698,1.3382
2014-10-30,2.0353,1.6104,1.4689,1.1574,1.0003,0.8413,1.2094,0.762,1.171,1.4789,1.3433
2014-10-31,2.0536,1.6284,1.482,1.1583,1.0003,0.8544,1.2145,0.7727,1.189,1.4935,1.3524
2014-11-03,2.0463,1.6301,1.4833,NA,1.0005,0.8523,1.2151,0.7763,1.1946,1.4906,1.3533
2014-11-04,2.0512,1.6296,1.483,1.1589,1.0005,0.8502,1.2152,0.7786,1.1907,1.4954,1.3533
2014-11-05,2.05,1.6417,1.4917,1.1588,1.0006,0.8571,1.2182,0.7807,1.2159,1.4911,1.3589
2014-11-06,2.0453,1.6393,1.49,1.1589,1.0006,0.8592,1.2176,0.7754,1.2175,1.4862,1.3578
2014-11-07,2.0684,1.6444,1.4935,1.1583,1.0006,0.8593,1.2185,0.7772,1.214,1.503,1.3598
2014-11-10,2.0637,1.6453,1.4944,1.1593,1.0007,0.8626,1.2194,0.781,1.2152,1.4988,1.3608
2014-11-11,2.0609,1.6438,1.4931,1.1586,1.0007,0.8647,1.2186,0.7843,1.2147,1.4972,1.3598
2014-11-12,2.0417,1.6309,1.4838,1.158,1.0007,0.8628,1.2151,0.7796,1.2032,1.4862,1.3534
2014-11-13,2.0341,1.6281,1.482,1.1587,1.0007,0.8648,1.2148,0.7758,1.2036,1.4814,1.3525
2014-11-14,2.0383,1.6302,1.4837,1.1595,1.0008,0.866,1.2158,0.7766,1.2053,1.4815,1.3539
2014-11-17,2.023,1.625,1.4804,1.1607,1.001,0.8655,1.2153,0.769,1.2065,1.4709,1.3521
2014-11-18,2.0183,1.6272,1.4818,1.1604,1.0011,0.8717,1.2156,0.7675,1.2138,1.4658,1.353
2014-11-19,2.0071,1.6296,1.4835,1.1601,1.0013,0.8714,1.216,0.7646,1.2264,1.4568,1.3539
2014-11-20,1.9879,1.6247,1.4803,1.1611,1.0014,0.8722,1.2153,0.76,1.2282,1.4494,1.3521
2014-11-21,1.9836,1.6241,1.4803,1.1627,1.0015,0.8792,1.2161,0.7581,1.228,1.4417,1.3527
2014-11-24,2.0048,1.6386,1.4909,NA,1.0016,0.8813,1.2203,0.7615,1.2397,1.4566,1.3598
2014-11-25,1.9946,1.6427,1.4945,1.1661,1.0018,0.8824,1.2227,0.7574,1.2534,1.4493,1.3629
2014-11-26,2.0173,1.6539,1.503,1.1682,1.002,0.884,1.2268,0.7688,1.2569,1.4649,1.3692
2014-11-27,2.0186,NA,NA,NA,1.002,NA,NA,0.7722,NA,1.4647,NA
2014-11-28,1.986,1.6417,1.4955,1.1719,1.0022,0.8826,1.2261,0.7721,1.2517,1.4398,1.3656
2014-12-01,1.9465,1.6277,1.4858,1.172,1.0025,0.8779,1.2227,0.7733,1.2518,1.4112,1.3593
2014-12-02,1.9734,1.6429,1.4956,1.1689,1.0024,0.8825,1.2247,0.7898,1.261,1.4256,1.3647
2014-12-03,1.9886,1.6527,1.5028,1.1698,1.0027,0.8855,1.2276,0.7944,1.2687,1.4386,1.3697
2014-12-04,2.0059,1.6591,1.5076,1.1709,1.0028,0.8825,1.2298,0.7953,1.2699,1.4524,1.3732
2014-12-05,1.9937,1.661,1.509,1.1711,1.0031,0.8875,1.2304,0.7895,1.2823,1.4457,1.374
2014-12-08,2.0072,1.6618,1.5097,1.1718,1.0033,0.8807,1.231,0.7887,1.2759,1.4479,1.3748
2014-12-09,1.9735,1.6456,1.4988,1.1734,1.0034,0.8754,1.228,0.7794,1.267,1.426,1.3682
2014-12-10,1.9649,1.6384,1.4944,1.1759,1.0035,0.8632,1.2277,0.7859,1.2563,1.4205,1.3663
2014-12-11,1.9544,1.6393,1.4954,1.1769,1.0036,0.865,1.2285,0.7872,1.2655,1.414,1.3672
2014-12-12,1.95,1.6296,1.4887,1.1779,1.0033,0.8506,1.2268,0.797,1.2478,1.4145,1.3633
2014-12-15,1.9374,1.6185,1.4809,1.1781,1.0036,0.841,1.2241,0.7862,1.2387,1.4117,1.3583
2014-12-16,1.9251,1.6141,1.4782,1.1793,1.0037,0.8394,1.2237,0.7951,1.2384,1.3998,1.357
2014-12-17,1.9286,1.6285,1.4886,1.1799,1.0038,0.8506,1.2276,0.797,1.2594,1.4042,1.3638
2014-12-18,1.9469,1.6479,1.502,1.1784,1.0038,0.8713,1.2315,0.789,1.2862,1.4222,1.3718
2014-12-19,1.9945,1.6703,1.5176,1.1777,1.0038,0.8773,1.2367,0.8048,1.2952,1.4568,1.3819
2014-12-22,2.0328,1.6894,1.5318,1.1802,1.0039,0.8809,1.2432,0.8222,1.3005,1.4824,1.3922
2014-12-23,2.01,1.6846,1.5281,NA,1.004,0.8838,1.2411,0.812,1.3087,1.4666,1.3891
2014-12-24,2.0152,1.6872,1.5298,1.1787,1.004,0.8846,1.2416,0.8193,1.3092,1.4714,1.3902
2014-12-29,2.048,1.6995,1.5393,1.1816,1.0043,0.888,1.2465,0.8355,1.3062,1.4921,1.3975
2014-12-30,2.0271,1.6836,1.5287,1.1841,1.0044,0.8813,1.2441,0.8235,1.2901,1.4771,1.3915
2014-12-31,2.0251,1.6777,1.5248,NA,1.0045,0.8763,1.2432,0.8064,1.2837,1.4779,1.3893
2015-01-02,1.9901,1.6666,1.5154,NA,0.9991,0.8763,1.2364,0.8043,1.2833,1.463,1.3813
2015-01-05,1.9951,1.6593,1.5109,1.1848,0.9994,0.8603,1.2367,0.8112,1.2614,1.4679,1.3796
